{
  "images" : [
    {
      "idiom" : "mac",
      "size" : "16x16",
      "scale" : "1x",
      "filename" : "icon_16@1x.png"
    },
    {
      "idiom" : "mac",
      "size" : "16x16",
      "scale" : "2x",
      "filename" : "icon_16@2x.png"
    },
    {
      "idiom" : "mac",
      "size" : "32x32",
      "scale" : "1x",
      "filename" : "icon_32@1x.png"
    },
    {
      "idiom" : "mac",
      "size" : "32x32",
      "scale" : "2x",
      "filename" : "icon_32@2x.png"
    },
    {
      "idiom" : "mac",
      "size" : "128x128",
      "scale" : "1x",
      "filename" : "icon_128@1x.png"
    },
    {
      "idiom" : "mac",
      "size" : "128x128",
      "scale" : "2x",
      "filename" : "icon_128@2x.png"
    },
    {
      "idiom" : "mac",
      "size" : "256x256",
      "scale" : "1x",
      "filename" : "icon_256@1x.png"
    },
    {
      "idiom" : "mac",
      "size" : "256x256",
      "scale" : "2x",
      "filename" : "icon_256@2x.png"
    },
    {
      "idiom" : "mac",
      "size" : "512x512",
      "scale" : "1x",
      "filename" : "icon_512@1x.png"
    },
    {
      "idiom" : "mac",
      "size" : "512x512",
      "scale" : "2x",
      "filename" : "icon_512@2x.png"
    }
  ],
  "info" : {
    "version" : 1,
    "author" : "xcode"
  }
}